Date,Actual_Return,Predicted_Return,Error,Abs_Error,Percentage_Error
2023-06-02,-0.007600171,-0.0035458803,-0.0040542907,0.0040542907,53.34466
2023-06-05,-0.002062359,-0.0023911446,0.00032878574,0.00032878574,15.94214
2023-06-06,-0.007786541,-0.00096376985,-0.006822771,0.006822771,87.62251
2023-06-07,0.015346665,-0.001228258,0.016574923,0.016574923,108.00334
2023-06-08,0.0021575403,-0.0036299676,0.0057875076,0.0057875076,268.2444
2023-06-09,0.015517743,-0.0010889098,0.016606653,0.016606653,107.01712
2023-06-12,-0.0026151764,-0.0011544004,-0.001460776,0.001460776,55.857433
2023-06-13,0.0034853562,-0.0027154908,0.006200847,0.006200847,177.91092
2023-06-14,0.011136452,-0.002262123,0.013398575,0.013398575,120.31267
2023-06-15,-0.005877177,-0.0021076053,-0.003769572,0.003769572,64.13905
2023-06-16,0.00048670368,-0.004016213,0.0045029167,0.0045029167,925.1675
2023-06-20,-0.005691659,-0.0024428293,-0.0032488299,0.0032488299,57.08044
2023-06-21,0.016390353,-0.0026140735,0.019004427,0.019004427,115.948784
2023-06-22,-0.0017126953,-0.0019628108,0.0002501154,0.0002501154,14.603528
2023-06-23,-0.0075818235,-0.0012391806,-0.006342643,0.006342643,83.65579
2023-06-26,0.014946962,-0.0035655946,0.018512556,0.018512556,123.8549
2023-06-27,0.006307789,-0.0050289407,0.01133673,0.01133673,179.72562
2023-06-28,0.0017949531,-0.004060127,0.0058550797,0.0058550797,326.19498
2023-06-29,0.022839816,-0.0042911544,0.02713097,0.02713097,118.787994
2023-06-30,-0.0078152055,-0.0003010556,-0.00751415,0.00751415,96.1477
2023-07-03,-0.0058886115,-0.0074849576,0.001596346,0.001596346,27.108994
2023-07-05,0.002505451,-0.0060249493,0.008530401,0.008530401,340.4723
2023-07-06,-0.0059087076,-0.0026838183,-0.0032248893,0.0032248893,54.578503
2023-07-07,-0.0109151965,-0.0035658106,-0.007349386,0.007349386,67.33163
2023-07-10,-0.0028139453,-0.0049994364,0.0021854911,0.0021854911,77.66616
2023-07-11,0.008945284,-0.0033174157,0.0122627,0.0122627,137.08548
2023-07-12,0.004049374,-0.0021714345,0.0062208083,0.0062208083,153.62358
2023-07-13,0.00078680494,-0.003634125,0.00442093,0.00442093,561.8767
2023-07-14,0.017157776,-0.003425248,0.020583024,0.020583024,119.963165
2023-07-17,-0.0013412536,-0.0014230683,8.181471e-05,8.181471e-05,6.099823
2023-07-18,0.0070468485,-0.0032867938,0.010333642,0.010333642,146.64185
2023-07-19,-0.010148748,-0.0049419627,-0.005206785,0.005206785,51.304657
2023-07-20,-0.0061806724,-0.003571853,-0.0026088194,0.0026088194,42.209248
2023-07-21,0.0042112283,-0.0032307506,0.007441979,0.007441979,176.71713
2023-07-24,0.0045034215,-0.0037323684,0.00823579,0.00823579,182.8781
2023-07-25,0.0045346073,-0.0018202811,0.0063548884,0.0063548884,140.14168
2023-07-26,-0.006602646,-0.0021042973,-0.0044983486,0.0044983486,68.12939
2023-07-27,0.013417615,-0.0025485829,0.015966197,0.015966197,118.99421
2023-07-28,0.003160773,-0.0070973113,0.010258084,0.010258084,324.5425
2023-07-31,-0.0042849067,-0.0030742884,-0.0012106183,0.0012106183,28.25302
2023-08-01,-0.015611185,-0.003366895,-0.01224429,0.01224429,78.432755
2023-08-02,-0.0073486054,-0.0032457113,-0.004102894,0.004102894,55.832207
2023-08-03,-0.04921133,-0.0045331717,-0.04467816,0.04467816,90.78834
2023-08-04,-0.017404355,-0.004002452,-0.013401903,0.013401903,77.00311
2023-08-07,0.005297784,-0.00088734925,0.0061851335,0.0061851335,116.74923
2023-08-08,-0.008994852,0.00062958896,-0.009624441,0.009624441,106.99931
2023-08-09,-0.0012353997,0.001474224,-0.002709624,0.002709624,219.32997
2023-08-10,0.00033751232,0.0006374493,-0.000299937,0.000299937,88.86434
2023-08-11,0.009349303,0.0014011636,0.00794814,0.00794814,85.013084
2023-08-14,-0.0112634385,0.0005117282,-0.011775167,0.011775167,104.543175
2023-08-15,-0.004971397,0.0015256777,-0.006497075,0.006497075,130.68886
2023-08-16,-0.014662253,0.0006679222,-0.015330175,0.015330175,104.555305
2023-08-17,0.00281228,0.0023288578,0.0004834223,0.0004834223,17.18963
2023-08-18,0.0077069197,0.0067528486,0.00095407106,0.00095407106,12.379393
2023-08-21,0.007873916,0.008695997,-0.00082208123,0.00082208123,10.44055
2023-08-22,0.021711327,0.008529209,0.013182119,0.013182119,60.71537
2023-08-23,-0.026518906,0.006791547,-0.03331045,0.03331045,125.61016
2023-08-24,0.012563941,0.0061639175,0.0064000236,0.0064000236,50.93958
2023-08-25,0.008807262,0.0049348027,0.0038724598,0.0038724598,43.968887
2023-08-28,0.021575768,0.004474178,0.01710159,0.01710159,79.26291
2023-08-29,0.018990789,0.00156378,0.017427009,0.017427009,91.76554
2023-08-30,0.001171689,0.00074145943,0.0004302296,0.0004302296,36.718437
2023-08-31,0.008427804,0.0021431819,0.0062846225,0.0062846225,74.570015
2023-09-01,0.0012659573,0.004184708,-0.0029187507,0.0029187507,230.555
2023-09-05,-0.036449786,0.003880836,-0.040330622,0.040330622,110.64705
2023-09-06,-0.02968553,0.001184158,-0.030869689,0.030869689,103.98897
2023-09-07,0.003485503,-0.00046025962,0.0039457623,0.0039457623,113.204636
2023-09-08,0.006600926,-0.0012501404,0.007851066,0.007851066,118.93868
2023-09-11,-0.01720799,-9.186566e-06,-0.017198803,0.017198803,99.946556
2023-09-12,-0.011925597,0.0007491037,-0.0126747005,0.0126747005,106.28139
2023-09-13,0.008744223,7.6532364e-05,0.008667691,0.008667691,99.12465
2023-09-14,-0.004162749,-0.000111706555,-0.0040510423,0.0040510423,97.31629
2023-09-15,0.016771983,-0.001105167,0.01787715,0.01787715,106.5893
2023-09-18,0.0061618634,-0.0013217852,0.0074836486,0.0074836486,121.45087
2023-09-19,-0.02019481,-0.0015270635,-0.018667746,0.018667746,92.43829
2023-09-20,-0.0089292815,-0.001026608,-0.007902673,0.007902673,88.5028
2023-09-21,0.004932493,0.0024292842,0.0025032088,0.0025032088,50.749268
2023-09-22,0.007353332,0.0035801902,0.0037731417,0.0037731417,51.311935
2023-09-25,-0.023676606,0.002952233,-0.026628839,0.026628839,112.46895
2023-09-26,-0.00893739,0.003683105,-0.012620495,0.012620495,141.20992
2023-09-27,0.0015245047,0.0038957745,-0.0023712697,0.0023712697,155.54259
2023-09-28,0.0030418746,0.0016333535,0.0014085211,0.0014085211,46.304226
2023-09-29,0.014726599,0.00041377544,0.014312823,0.014312823,97.190216
2023-10-02,-0.0078002545,0.0025904924,-0.010390747,0.010390747,133.21019
2023-10-03,0.0072821677,0.0014748797,0.005807288,0.005807288,79.74659
2023-10-04,0.0071720304,-0.00020870566,0.007380736,0.007380736,102.90985
2023-10-05,0.014642834,0.0035969242,0.0110459095,0.0110459095,75.43555
2023-10-06,0.008415653,0.0047034696,0.0037121838,0.0037121838,44.110413
2023-10-09,-0.0033578193,0.004993692,-0.008351511,0.008351511,248.71758
2023-10-10,0.007872974,0.0024038032,0.0054691704,0.0054691704,69.46757
2023-10-11,0.005048493,0.002460286,0.002588207,0.002588207,51.26682
2023-10-12,-0.010346185,0.0027745143,-0.0131207,0.0131207,126.81665
2023-10-13,-0.00072714174,0.00081056356,-0.0015377053,0.0015377053,211.46965
2023-10-16,-0.008823521,-0.0016009063,-0.007222615,0.007222615,81.856285
2023-10-17,-0.0074223354,-0.0044896826,-0.0029326528,0.0029326528,39.511135
2023-10-18,-0.0021632859,-0.0029763207,0.0008130348,0.0008130348,37.583153
2023-10-19,-0.014813506,-0.0012346506,-0.013578855,0.013578855,91.665306
2023-10-20,0.0006938383,-0.0012172982,0.0019111366,0.0019111366,275.44012
2023-10-23,0.0025401704,-0.0012702569,0.0038104274,0.0038104274,150.00616
2023-10-24,-0.013583391,-0.0004958585,-0.0130875325,0.0130875325,96.34945
2023-10-25,-0.024913296,-0.0013742894,-0.023539007,0.023539007,94.48367
2023-10-26,0.007937659,-0.0022465438,0.010184202,0.010184202,128.30219
2023-10-27,0.012230172,-0.0025942773,0.014824449,0.014824449,121.212006
2023-10-30,0.0028148484,-0.0016251579,0.0044400063,0.0044400063,157.73462
2023-10-31,0.018565262,-0.0003683567,0.018933618,0.018933618,101.98407
2023-11-01,0.020482041,0.0011352897,0.019346751,0.019346751,94.4571
2023-11-02,-0.005194658,0.0033131018,-0.00850776,0.00850776,163.77872
2023-11-03,0.014499556,0.0026243106,0.011875246,0.011875246,81.900696
2023-11-06,0.014347374,0.0022264048,0.01212097,0.01212097,84.482086
2023-11-07,0.0058677704,1.360476e-05,0.0058541656,0.0058541656,99.767975
2023-11-08,-0.0026280647,-0.0033496916,0.0007216269,0.0007216269,27.458387
2023-11-09,0.022954522,-0.0039434955,0.026898017,0.026898017,117.17955
2023-11-10,-0.00862061,-0.0022707433,-0.006349867,0.006349867,73.65905
2023-11-13,0.014184603,-0.0023527816,0.016537383,0.016537383,116.58678
2023-11-14,0.0030363554,-0.0026142,0.0056505557,0.0056505557,186.09604
2023-11-15,0.009001365,-0.0035813823,0.012582747,0.012582747,139.78694
2023-11-16,-0.00010539248,-0.0043075457,0.004202153,0.004202153,3986.7688
2023-11-17,0.009235497,-0.004132211,0.013367708,0.013367708,144.74255
2023-11-20,-0.0042398027,-0.0044011176,0.00016131485,0.00016131485,3.8047638
2023-11-21,0.0035083704,-0.0034821332,0.0069905035,0.0069905035,199.25159
2023-11-22,-0.007029093,-0.0011001602,-0.0059289327,0.0059289327,84.34836
2023-11-24,-0.00094812,-0.0017064363,0.00075831625,0.00075831625,79.980194
2023-11-27,0.0032090908,-0.0008314997,0.0040405905,0.0040405905,125.91036
2023-11-28,-0.0054244664,-0.0011996478,-0.0042248187,0.0042248187,77.88436
2023-11-29,0.0030582473,-0.0011555776,0.004213825,0.004213825,137.78516
2023-11-30,0.006768344,-0.0045968443,0.011365188,0.011365188,167.91658
2023-12-01,-0.00950975,-0.010106616,0.000596866,0.000596866,6.276352
2023-12-04,0.020844327,-0.009538457,0.030382784,0.030382784,145.76038
2023-12-05,-0.005703087,-0.007588707,0.00188562,0.00188562,33.06309
2023-12-06,0.010088244,-0.005760044,0.015848288,0.015848288,157.09644
2023-12-07,0.0073850323,-0.004473716,0.011858748,0.011858748,160.57794
2023-12-08,-0.013011585,-0.0033857822,-0.009625803,0.009625803,73.97865
2023-12-11,0.007888797,-0.0026964173,0.010585214,0.010585214,134.18016
2023-12-12,0.016553693,-0.0025942847,0.019147977,0.019147977,115.671875
2023-12-13,0.0007576417,-0.003496334,0.0042539756,0.0042539756,561.4685
2023-12-14,-0.0027295302,-0.005955413,0.0032258828,0.0032258828,118.18411
2023-12-15,-0.0085397195,-0.004918717,-0.0036210027,0.0036210027,42.40184
2023-12-18,0.005345757,-0.007032655,0.012378412,0.012378412,231.55542
2023-12-19,-0.010771631,-0.0053744167,-0.0053972146,0.0053972146,50.105774
2023-12-20,-0.0007703226,-0.0052620396,0.004491717,0.004491717,583.088
2023-12-21,-0.005562875,-0.0050874203,-0.0004754546,0.0004754546,8.546907
2023-12-22,-0.0028449853,-0.0039050356,0.0010600502,0.0010600502,37.260174
2023-12-26,0.00051784347,-0.0045505166,0.00506836,0.00506836,978.7247
2023-12-27,0.0022237876,-0.004328534,0.006552322,0.006552322,294.6456
2023-12-28,-0.0054390365,-0.0033032373,-0.0021357993,0.0021357993,39.267902
2023-12-29,-0.036442462,-0.005703382,-0.03073908,0.03073908,84.349594
2024-01-02,-0.0075158,-0.0047934204,-0.0027223798,0.0027223798,36.222042
2024-01-03,-0.012781511,-0.0029890835,-0.0097924275,0.0097924275,76.613945
2024-01-04,-0.0040210728,-0.0021947324,-0.0018263403,0.0018263403,45.41912
2024-01-05,0.023887252,-0.0012875795,0.025174832,0.025174832,105.39019
2024-01-08,-0.002265934,0.00036208332,-0.0026280172,0.0026280172,115.97892
2024-01-09,0.005655195,0.00038514286,0.0052700522,0.0052700522,93.189415
2024-01-10,-0.0032277415,0.00062702596,-0.0038547674,0.0038547674,119.42579
2024-01-11,0.0017766546,0.0017552674,2.138724e-05,2.138724e-05,1.203786
2024-01-12,-0.012393579,-0.0004543066,-0.011939272,0.011939272,96.33426
2024-01-16,-0.005186898,-0.000216797,-0.004970101,0.004970101,95.820114
2024-01-17,0.032051347,-0.0018538609,0.033905208,0.033905208,105.784
2024-01-18,0.015413732,-0.00064172596,0.016055457,0.016055457,104.16327
2024-01-19,0.012089969,-3.797561e-05,0.012127944,0.012127944,100.31402
2024-01-22,0.006631103,0.0021445602,0.0044865427,0.0044865427,67.65897
2024-01-23,-0.0034900033,0.002613075,-0.0061030784,0.0061030784,174.87263
2024-01-24,-0.0016979764,0.0017354563,-0.0034334327,0.0034334327,202.20613
2024-01-25,-0.009053659,0.00097646564,-0.010030124,0.010030124,110.78519
2024-01-26,-0.0035923682,0.000812009,-0.004404377,0.004404377,122.60338
2024-01-29,-0.019433476,-0.00035125762,-0.019082218,0.019082218,98.19247
2024-01-30,-0.019547459,-0.0016657636,-0.017881695,0.017881695,91.47832
2024-01-31,0.013252507,-0.0001110062,0.013363513,0.013363513,100.83754
2024-02-01,-0.0054197684,0.002014555,-0.0074343234,0.0074343234,137.17026
2024-02-02,0.009798418,0.0023182184,0.0074801994,0.0074801994,76.34081
2024-02-05,0.008594588,0.0005505234,0.008044065,0.008044065,93.59442
2024-02-06,0.00058120285,5.609542e-05,0.00052510743,0.00052510743,90.34684
2024-02-07,-0.005771421,0.002436258,-0.008207679,0.008207679,142.2122
2024-02-08,0.004085612,0.0016531125,0.0024324995,0.0024324995,59.538048
2024-02-09,-0.009042637,0.0010022968,-0.010044934,0.010044934,111.084
2024-02-12,-0.011338411,0.0014993399,-0.012837751,0.012837751,113.22344
2024-02-13,-0.0048215347,0.0012152791,-0.006036814,0.006036814,125.20498
2024-02-14,-0.0015759896,0.0006800741,-0.0022560637,0.0022560637,143.15128
2024-02-15,-0.008465991,0.0013044178,-0.009770409,0.009770409,115.4076
2024-02-16,-0.004122418,-6.917119e-05,-0.0040532467,0.0040532467,98.32184
2024-02-20,0.0041773473,3.9234757e-05,0.0041381125,0.0041381125,99.06054
2024-02-21,0.011181246,0.00040863454,0.010772611,0.010772611,96.34527
2024-02-22,-0.010084887,-0.0022951886,-0.0077896984,0.0077896984,77.24123
2024-02-23,-0.007479241,-0.00056639314,-0.006912848,0.006912848,92.42701
2024-02-26,0.00808168,0.00020783395,0.007873846,0.007873846,97.42821
2024-02-27,-0.00664747,-0.0018626228,-0.004784847,0.004784847,71.979866
2024-02-28,-0.0036999385,-0.002923131,-0.00077680754,0.00077680754,20.99509
2024-02-29,-0.0060486654,-0.002083622,-0.0039650435,0.0039650435,65.55226
2024-03-01,-0.025709018,0.0005757734,-0.026284792,0.026284792,102.23954
2024-03-04,-0.028853219,0.0026295036,-0.031482723,0.031482723,109.11335
2024-03-05,-0.005895393,0.0047222376,-0.010617631,0.010617631,180.10017
2024-03-06,-0.0007098358,0.0037547722,-0.004464608,0.004464608,628.95465
2024-03-07,0.0101845665,0.003046617,0.0071379496,0.0071379496,70.08587
2024-03-08,0.011762143,0.002449274,0.009312869,0.009312869,79.17656
2024-03-11,0.0027746628,0.0016435981,0.0011310647,0.0011310647,40.763897
2024-03-12,-0.012196511,0.00039844215,-0.012594953,0.012594953,103.26676
2024-03-13,0.010867942,-0.00011730939,0.0109852515,0.0109852515,101.07931
2024-03-14,-0.0021989325,0.0007766038,-0.0029755363,0.0029755363,135.3167
2024-03-15,0.0063522244,0.00072128326,0.005630941,0.005630941,88.64505
2024-03-18,0.013493674,-0.00016613305,0.013659807,0.013659807,101.23111
2024-03-19,0.014602022,0.0017405003,0.012861522,0.012861522,88.08035
2024-03-20,-0.041715413,0.004358977,-0.04607439,0.04607439,110.44929
2024-03-21,0.0052959905,0.004370272,0.00092571834,0.00092571834,17.479574
2024-03-22,-0.008335066,0.0046468377,-0.012981904,0.012981904,155.75027
2024-03-25,-0.0066948333,0.0030621365,-0.009756969,0.009756969,145.73857
2024-03-26,0.020990748,0.001352556,0.019638192,0.019638192,93.55637
2024-03-27,-0.010615305,-0.00058428943,-0.010031016,0.010031016,94.49569
2024-03-28,-0.008491633,-0.0015621036,-0.00692953,0.00692953,81.6041
2024-04-01,-0.00702348,-0.00046016276,-0.006563317,0.006563317,93.44809
2024-04-02,0.004786004,0.00011986494,0.004666139,0.004666139,97.49531
2024-04-03,-0.004904456,0.00011754781,-0.005022004,0.005022004,102.396545
2024-04-04,0.004491793,3.489107e-05,0.004456902,0.004456902,99.223015
2024-04-05,-0.0066860537,-0.0012472644,-0.0054387893,0.0054387893,81.34516
2024-04-08,0.007216589,9.550899e-05,0.00712108,0.00712108,98.6764
2024-04-09,-0.011201886,0.00017941743,-0.011381304,0.011381304,101.60158
2024-04-10,0.04236106,0.0007415265,0.04161953,0.04161953,98.24948
2024-04-11,0.008589548,0.0022052974,0.0063842507,0.0063842507,74.325714
2024-04-12,-0.022106037,0.002458565,-0.024564601,0.024564601,111.12164
2024-04-15,-0.019353375,0.0028043464,-0.022157721,0.022157721,114.490166
2024-04-16,-0.008180742,0.0035637766,-0.011744519,0.011744519,143.56282
2024-04-17,-0.005730722,0.004135117,-0.009865839,0.009865839,172.15671
2024-04-18,-0.01228777,0.0038148165,-0.016102586,0.016102586,131.04552
2024-04-19,0.0050780126,0.0025416315,0.0025363811,0.0025363811,49.948208
2024-04-22,0.006371357,0.002627626,0.003743731,0.003743731,58.758675
2024-04-23,0.012622301,0.0026125386,0.010009762,0.010009762,79.30213
2024-04-24,0.0051341197,0.0020322353,0.0031018844,0.0031018844,60.41695
2024-04-25,-0.0034789364,0.0016362742,-0.0051152105,0.0051152105,147.03333
2024-04-26,0.02450531,0.00013236701,0.024372943,0.024372943,99.4598
2024-04-29,-0.018439947,0.0003104508,-0.018750397,0.018750397,101.68352
2024-04-30,-0.0060653626,0.0017028973,-0.00776826,0.00776826,128.07556
2024-05-01,0.021792583,0.0025844574,0.019208126,0.019208126,88.14062
2024-05-02,0.05809559,0.0024221092,0.05567348,0.05567348,95.8308
2024-05-03,-0.009148447,0.0017192587,-0.010867706,0.010867706,118.79277
2024-05-06,0.0037899883,0.00020349026,0.003586498,0.003586498,94.6306
2024-05-07,0.0018623889,-0.0003549382,0.0022173272,0.0022173272,119.05759
2024-05-08,0.009964379,-0.0023708716,0.01233525,0.01233525,123.79334
2024-05-09,-0.006914018,-0.0022001043,-0.004713914,0.004713914,68.17898
2024-05-10,0.017491557,-0.0025898814,0.020081438,0.020081438,114.806404
2024-05-13,0.006154527,-0.0034110174,0.009565544,0.009565544,155.42265
2024-05-14,0.012143859,-0.0055051446,0.017649002,0.017649002,145.33261
2024-05-15,0.00063220866,-0.0043165833,0.004948792,0.004948792,782.76587
2024-05-16,0.0001581111,-0.0019440055,0.0021021166,0.0021021166,1329.4346
2024-05-17,0.0061431346,-0.0013059303,0.007449065,0.007449065,121.25818
2024-05-20,0.00683396,-0.002100736,0.008934695,0.008934695,130.73946
2024-05-21,-0.007567048,-0.002257891,-0.005309157,0.005309157,70.161446
2024-05-22,-0.021282915,-0.002437301,-0.018845614,0.018845614,88.54805
2024-05-23,0.016452018,-0.0034282953,0.019880313,0.019880313,120.83807
2024-05-24,5.2721538e-05,-0.004322946,0.004375668,0.004375668,8298.009
2024-05-28,0.001577691,-0.0040639117,0.005641603,0.005641603,357.58377
2024-05-29,0.0052412255,-0.0041244105,0.009365636,0.009365636,178.69139
2024-05-30,0.0050062374,-0.004181683,0.00918792,0.00918792,183.52908
2024-05-31,0.009216089,-0.0048056394,0.014021728,0.014021728,152.14384
2024-06-03,0.0016479467,-0.008608483,0.010256429,0.010256429,622.3725
2024-06-04,0.007790461,-0.006559804,0.014350265,0.014350265,184.20279
2024-06-05,-0.0071218046,-0.006295532,-0.00082627265,0.00082627265,11.601996
2024-06-06,0.012315846,-0.006449379,0.018765226,0.018765226,152.3664
2024-06-07,-0.019333445,-0.003878191,-0.015455253,0.015455253,79.94047
2024-06-10,0.070131324,-0.000924401,0.071055725,0.071055725,101.318085
2024-06-11,0.028177744,-0.0033410266,0.031518772,0.031518772,111.85693
2024-06-12,0.0054760706,-0.0077381954,0.013214266,0.013214266,241.30884
2024-06-13,-0.00820186,-0.0071554184,-0.0010464415,0.0010464415,12.758573
2024-06-14,0.019480497,-0.006600715,0.026081212,0.026081212,133.88364
2024-06-17,-0.011045331,-0.005745776,-0.005299555,0.005299555,47.980003
2024-06-18,-0.021747693,-0.0056655407,-0.016082153,0.016082153,73.94874
2024-06-20,-0.010499295,-0.003390275,-0.00710902,0.00710902,67.709435
2024-06-21,0.0031277824,-0.0049313977,0.00805918,0.00805918,257.66354
2024-06-24,0.004458244,-0.008542426,0.01300067,0.01300067,291.60904
2024-06-25,0.019796029,-0.007324286,0.027120315,0.027120315,136.9987
2024-06-26,0.0039780233,-0.0042922944,0.008270318,0.008270318,207.89966
2024-06-27,-0.016387725,-0.005638242,-0.0107494835,0.0107494835,65.59469
2024-06-28,0.028689018,-0.00593099,0.03462001,0.03462001,120.67335
2024-07-01,0.016109489,-0.006017141,0.02212663,0.02212663,137.35146
2024-07-02,0.0057942886,-0.0038568154,0.009651104,0.009651104,166.56207
2024-07-03,0.021390015,-0.0053717047,0.02676172,0.02676172,125.11308
2024-07-05,0.0065174852,-0.0065032095,0.013020694,0.013020694,199.78065
2024-07-08,0.003767753,-0.0029270276,0.0066947807,0.0066947807,177.68582
2024-07-09,0.018628987,-0.004643284,0.02327227,0.02327227,124.92498
2024-07-10,-0.023494668,-0.005260423,-0.018234245,0.018234245,77.61011
2024-07-11,0.012966444,-0.007838704,0.020805147,0.020805147,160.45363
2024-07-12,0.016604714,-0.0081336275,0.024738342,0.024738342,148.98376
2024-07-15,0.0017902426,-0.007956393,0.009746635,0.009746635,544.4279
2024-07-16,-0.025621435,-0.009442791,-0.016178643,0.016178643,63.144936
2024-07-17,-0.02074853,-0.010139145,-0.010609385,0.010609385,51.133167
2024-07-18,0.0005796405,-0.0072527975,0.007832438,0.007832438,1351.2345
2024-07-19,-0.0015615688,-0.0043103546,0.0027487858,0.0027487858,176.02608
2024-07-22,0.0046774102,-0.0043553934,0.009032804,0.009032804,193.11508
2024-07-23,-0.029175822,-0.0052140504,-0.023961771,0.023961771,82.12884
2024-07-24,-0.0048160804,-0.0041805804,-0.00063550007,0.00063550007,13.195353
2024-07-25,0.0021586781,-0.0045365244,0.0066952026,0.0066952026,310.15146
2024-07-26,0.0012837946,-0.0011103451,0.0023941398,0.0023941398,186.48785
2024-07-29,0.0025627257,-0.00042751431,0.00299024,0.00299024,116.681564
2024-07-30,0.014879541,1.0043383e-05,0.014869497,0.014869497,99.932434
2024-07-31,-0.016892511,-0.0015001148,-0.015392397,0.015392397,91.11959
2024-08-01,0.006845845,-0.004704185,0.01155003,0.01155003,168.71567
2024-08-02,-0.049365677,-0.0039909184,-0.04537476,0.04537476,91.91558
2024-08-05,-0.009796032,-0.002673611,-0.0071224207,0.0071224207,72.70713
2024-08-06,0.01242072,-0.0027514622,0.015172183,0.015172183,122.15209
2024-08-07,0.016496584,-0.0021490976,0.018645681,0.018645681,113.027466
2024-08-08,0.013642388,-0.0001200214,0.01376241,0.01376241,100.87969
2024-08-09,0.007104547,-0.00093603134,0.008040579,0.008040579,113.17495
2024-08-12,0.017046979,-0.00031749904,0.017364478,0.017364478,101.86244
2024-08-13,0.0020316385,-0.00018308312,0.0022147216,0.0022147216,109.01106
2024-08-14,0.013439811,-0.0002426207,0.013682432,0.013682432,101.80516
2024-08-15,0.0059010936,-0.004577592,0.010478686,0.010478686,177.57162
2024-08-16,-0.0007081213,-0.003926009,0.0032178876,0.0032178876,454.41962
2024-08-19,0.002741012,-0.0010540262,0.0037950382,0.0037950382,138.4534
2024-08-20,-0.00048584156,0.00015931576,-0.0006451573,0.0006451573,132.78897
2024-08-21,-0.008293918,0.0007198304,-0.009013749,0.009013749,108.67888
2024-08-22,0.010235532,-0.0026511997,0.012886732,0.012886732,125.901794
2024-08-23,0.0014977629,-0.003901668,0.0053994306,0.0053994306,360.49728
2024-08-26,0.0037345549,-0.0041654706,0.007900026,0.007900026,211.53806
2024-08-27,-0.006776431,-0.008186229,0.0014097975,0.0014097975,20.804394
2024-08-28,0.014465024,-0.007284008,0.02174903,0.02174903,150.35588
2024-08-29,-0.0034437315,-0.006163284,0.0027195527,0.0027195527,78.97087
2024-08-30,-0.0275822,-0.0058002844,-0.021781916,0.021781916,78.97089
2024-09-03,-0.008656046,-0.0032375753,-0.005418471,0.005418471,62.597454
2024-09-04,0.006903897,-0.0007341951,0.007638092,0.007638092,110.63435
2024-09-05,-0.0070397398,0.0011015385,-0.008141278,0.008141278,115.64727
2024-09-06,0.00040747266,0.0015156493,-0.0011081765,0.0011081765,271.95673
2024-09-09,-0.003628,0.0027203038,-0.0063483035,0.0063483035,174.98032
2024-09-10,0.011518554,0.0035702512,0.007948303,0.007948303,69.00429
2024-09-11,0.0004938624,0.0025659949,-0.0020721324,0.0020721324,419.5684
2024-09-12,-0.0012128376,0.0011985824,-0.00241142,0.00241142,198.82298
2024-09-13,-0.02816818,0.0012509376,-0.029419117,0.029419117,104.440926
2024-09-16,0.0021701704,-0.0030847415,0.005254912,0.005254912,242.14172
2024-09-17,0.01782993,-0.0042424574,0.022072388,0.022072388,123.79396
2024-09-18,0.036395203,-0.0038321614,0.040227365,0.040227365,110.52927
2024-09-19,-0.0029317606,-0.00361152,0.0006797593,0.0006797593,23.185965
2024-09-20,-0.0076098996,-0.0053301454,-0.0022797543,0.0022797543,29.957706
2024-09-23,0.003966072,-0.0018167049,0.005782777,0.005782777,145.80579
2024-09-24,-0.0044077346,0.00083144754,-0.005239182,0.005239182,118.86312
2024-09-25,0.005067344,0.00035137683,0.004715967,0.004715967,93.06568
2024-09-26,0.0011859586,-0.0024187267,0.0036046854,0.0036046854,303.94443
2024-09-27,0.022614388,-0.0043133497,0.026927738,0.026927738,119.073425
2024-09-30,-0.029574743,-0.0046109706,-0.024963772,0.024963772,84.409065
2024-10-01,0.0025166497,-0.0040325,0.0065491498,0.0065491498,260.23184
2024-10-02,-0.0049067074,-0.0023344606,-0.0025722468,0.0025722468,52.42297
2024-10-03,0.0049948688,-0.0015863329,0.0065812017,0.0065812017,131.75899
2024-10-04,-0.022788508,-0.0025809407,-0.020207567,0.020207567,88.67434
2024-10-07,0.01823674,-0.0024488866,0.020685626,0.020685626,113.42826
2024-10-08,0.016560456,-0.0016940087,0.018254464,0.018254464,110.22918
2024-10-09,-0.0021806043,-0.004499525,0.0023189206,0.0023189206,106.342545
2024-10-10,-0.006526656,-0.0028686374,-0.0036580185,0.0036580185,56.04728
2024-10-11,0.0163456,-0.0021949485,0.018540548,0.018540548,113.42831
2024-10-14,0.010964344,-0.0017099082,0.0126742525,0.0126742525,115.59507
2024-10-15,-0.00889135,-0.002992995,-0.0058983546,0.0058983546,66.33805
2024-10-16,0.001595094,-0.0019863397,0.0035814336,0.0035814336,224.52664
2024-10-17,0.012201845,-0.0013031662,0.013505011,0.013505011,110.679985
2024-10-18,0.0062780934,-0.00057937205,0.0068574655,0.0068574655,109.2283
2024-10-21,-0.0026252992,-0.00012481213,-0.002500487,0.002500487,95.24543
2024-10-22,-0.021860128,0.00062407553,-0.022484204,0.022484204,102.85481
2024-10-23,-0.00082369515,-0.002133049,0.0013093539,0.0013093539,158.95905
2024-10-24,0.0036365148,-0.0042860806,0.007922595,0.007922595,217.86172
2024-10-25,0.00856264,-0.0052015185,0.013764159,0.013764159,160.74648
2024-10-28,0.0011562296,-0.0044758767,0.005632106,0.005632106,487.1054
2024-10-29,-0.015395923,-0.0052404925,-0.01015543,0.01015543,65.96177
2024-10-30,-0.018377302,-0.002945505,-0.015431797,0.015431797,83.97201
2024-10-31,-0.013368608,-0.00032645464,-0.013042154,0.013042154,97.557976
2024-11-01,-0.0040457244,0.0011050403,-0.0051507647,0.0051507647,127.31347
2024-11-04,0.006465271,0.0011673793,0.005297892,0.005297892,81.94372
2024-11-05,-0.0032721923,3.5703182e-05,-0.0033078955,0.0033078955,101.0908
2024-11-06,0.021146908,-0.0017368644,0.022883773,0.022883773,108.21328
2024-11-07,-0.0011889939,-0.0008251667,-0.00036382722,0.00036382722,30.599329
2024-11-08,-0.0121014295,-0.000109650195,-0.011991779,0.011991779,99.09383
2024-11-11,0.0,-0.00084171444,0.00084171444,0.00084171444,8417145.0
2024-11-12,0.0039612534,-0.0030306578,0.006991911,0.006991911,176.50711
2024-11-13,0.013676491,-0.006016791,0.019693282,0.019693282,143.99356
2024-11-14,-0.014209688,-0.007694401,-0.006515287,0.006515287,45.850986
2024-11-15,0.013333036,-0.0029985234,0.016331559,0.016331559,122.489334
2024-11-18,0.001139491,-0.0011706203,0.0023101112,0.0023101112,202.73009
2024-11-19,0.0031491604,-0.0012001544,0.0043493146,0.0043493146,138.10985
2024-11-20,-0.0020982262,-0.00020805746,-0.0018901688,0.0018901688,90.083694
2024-11-21,0.0058900467,-0.002342701,0.008232748,0.008232748,139.77367
2024-11-22,0.012966441,-0.005886525,0.018852966,0.018852966,145.39804
2024-11-25,0.009360532,-0.009558961,0.018919494,0.018919494,202.11963
2024-11-26,-0.00055331277,-0.0053524747,0.004799162,0.004799162,867.33496
2024-11-27,0.01016403,-0.0036542714,0.013818301,0.013818301,135.95284
2024-11-29,0.009477584,-0.00092790276,0.010405486,0.010405486,109.79038
2024-12-02,0.012690931,-0.0010755062,0.013766437,0.013766437,108.47452
2024-12-03,0.0014825356,0.0016296059,-0.00014707027,0.00014707027,9.920117
2024-12-04,0.00012336664,0.0017287806,-0.001605414,0.001605414,1301.2301
2024-12-05,-0.00082317373,-0.001341708,0.0005185343,0.0005185343,62.991314
2024-12-06,0.015972823,0.00028222054,0.015690602,0.015690602,98.23306
2024-12-09,0.0041252337,-0.0006783232,0.004803557,0.004803557,116.44299
2024-12-10,-0.005179385,-0.002623029,-0.0025563561,0.0025563561,49.35627
2024-12-11,0.0059460076,-0.0026315674,0.008577575,0.008577575,144.25749
2024-12-12,0.0006853003,-0.0027834326,0.0034687328,0.0034687328,506.15506
2024-12-13,0.01165948,-0.0030813664,0.014740846,0.014740846,126.42788
2024-12-16,0.009672644,-0.003689982,0.013362626,0.013362626,138.1485
2024-12-17,-0.02165457,-0.004449658,-0.017204912,0.017204912,79.45161
2024-12-18,0.006990151,-0.0037184432,0.010708595,0.010708595,153.19525
2024-12-19,0.018641017,-0.0031480193,0.021789037,0.021789037,116.887535
2024-12-20,0.0030603306,-0.0038442835,0.006904614,0.006904614,225.61586
2024-12-23,0.011412614,-0.0036946684,0.015107282,0.015107282,132.37343
2024-12-24,0.003170708,-0.0045108125,0.0076815207,0.0076815207,242.26439
2024-12-26,-0.013330659,-0.0035935491,-0.00973711,0.00973711,73.042915
2024-12-27,-0.01335213,-0.0073508024,-0.006001327,0.006001327,44.946556
2024-12-30,-0.0070828632,-0.00368537,-0.0033974932,0.0033974932,47.967728
2024-12-31,-0.026586168,-0.004072778,-0.02251339,0.02251339,84.68081
2025-01-02,-0.0020115129,-0.009796627,0.007785114,0.007785114,387.02588
2025-01-03,0.0067163743,-0.00922139,0.015937764,0.015937764,237.2968
2025-01-06,-0.01145308,-0.004804328,-0.006648752,0.006648752,58.052032
2025-01-07,0.0020209907,-0.0040946603,0.0061156508,0.0061156508,302.60507
2025-01-08,-0.024399118,-0.0042045116,-0.020194607,0.020194607,82.767746
2025-02-11,0.018105194,-9.456277e-05,0.018199757,0.018199757,100.52225
2025-02-12,0.019482221,-0.0013705194,0.02085274,0.02085274,107.03467
2025-02-13,0.012630605,-0.0011865273,0.013817132,0.013817132,109.39398
2025-02-14,-0.0005316434,-0.0014436096,0.0009119662,0.0009119662,171.53397
2025-02-18,0.0016347888,-0.0018560514,0.00349084,0.00349084,213.53331
2025-02-19,0.0039128354,-0.00090958923,0.0048224246,0.0048224246,123.24599
2025-02-20,-0.001139676,-0.0021594912,0.0010198152,0.0010198152,89.482124
2025-02-21,0.006292544,-0.0037190467,0.010011591,0.010011591,159.1022
2025-02-24,-0.00024286105,-0.0045722574,0.0043293964,0.0043293964,1782.5907
2025-02-25,-0.02741243,-0.0026696175,-0.024742812,0.024742812,90.26125
2025-02-26,-0.012812652,-0.0032040253,-0.009608626,0.009608626,74.99321
2025-02-27,0.018951155,-0.003146045,0.0220972,0.0220972,116.60075
2025-02-28,-0.015879618,-0.0029013157,-0.012978302,0.012978302,81.72926
2025-03-03,-0.008861592,-0.0011056587,-0.0077559333,0.0077559333,87.52293
2025-03-04,-0.00080562173,-0.0020478591,0.0012422374,0.0012422374,154.1942
2025-03-05,-0.0017406408,-0.0024845228,0.0007438819,0.0007438819,42.735847
2025-03-06,0.015767587,-0.0028538108,0.018621398,0.018621398,118.09915
2025-03-07,-0.049694154,-0.0017772987,-0.047916856,0.047916856,96.42351
2025-03-10,-0.02962386,-0.00044815987,-0.0291757,0.0291757,98.48713
2025-03-11,-0.017633284,-0.0004222095,-0.017211074,0.017211074,97.60555
2025-03-12,-0.034222666,0.0014648363,-0.035687502,0.035687502,104.28028
2025-03-13,0.018007489,0.0011805966,0.016826892,0.016826892,93.44381
2025-03-14,0.002385989,0.0022624433,0.00012354576,0.00012354576,5.1779466
2025-03-17,-0.0061401944,0.00038820505,-0.0065283994,0.0065283994,106.32219
2025-03-18,0.011917885,-0.0015857816,0.013503667,0.013503667,113.30579
2025-03-19,-0.0053103864,-8.4251165e-05,-0.0052261353,0.0052261353,98.413284
2025-03-20,0.019289576,0.00031036139,0.018979214,0.018979214,98.39099
2025-03-21,0.011207326,-0.00041066855,0.011617995,0.011617995,103.66419
2025-03-24,0.0135891745,-0.00017668307,0.013765858,0.013765858,101.300095
2025-03-25,-0.009971329,-0.00094641,-0.009024919,0.009024919,90.50859
2025-03-26,0.010418275,0.0010786727,0.009339603,0.009339603,89.64625
2025-03-27,-0.026940057,0.0010999218,-0.028039979,0.028039979,104.08281
2025-03-28,0.019226585,0.0010040775,0.018222507,0.018222507,94.77761
2025-03-31,0.0047606016,-0.0003913641,0.0051519657,0.0051519657,108.22067
2025-04-01,0.0031314425,-0.0019136593,0.005045102,0.005045102,161.11061
2025-04-02,-0.09701342,-0.0017592907,-0.09525413,0.09525413,98.18654
2025-04-03,-0.07568018,-0.0030381829,-0.072642,0.072642,95.98549
2025-04-04,-0.037425984,-0.0020111129,-0.03541487,0.03541487,94.626396
2025-04-07,-0.05110193,0.00041541457,-0.051517345,0.051517345,100.81289
2025-04-08,0.14261752,0.0017184019,0.14089912,0.14089912,98.79509
2025-04-09,-0.04331871,0.0037095547,-0.047028266,0.047028266,108.56338
2025-04-10,0.03979217,0.0036910847,0.036101084,0.036101084,90.72407
2025-04-11,0.021814378,-0.004403971,0.02621835,0.02621835,120.18833
2025-04-14,-0.0018782103,-0.0032099485,0.0013317382,0.0013317382,70.90425
2025-04-15,-0.03971153,-0.002832368,-0.036879163,0.036879163,92.86762
2025-04-16,0.013853232,0.0026898533,0.011163379,0.011163379,80.58315
2025-04-17,-0.019583311,0.01651232,-0.03609563,0.03609563,184.31824
2025-04-21,0.033497714,0.008112475,0.025385238,0.025385238,75.781975
2025-04-22,0.024040291,0.016011957,0.008028334,0.008028334,33.395313
2025-04-23,0.01825851,0.015683252,0.0025752578,0.0025752578,14.104417
2025-04-24,0.0043576844,0.01428654,-0.009928856,0.009928856,227.84656
2025-04-25,0.004100915,0.00080063194,0.003300283,0.003300283,80.476555
2025-04-28,0.0050789565,-0.004461512,0.009540468,0.009540468,187.84273
2025-04-29,0.0060890648,-0.0034505278,0.009539593,0.009539593,156.66737
2025-04-30,0.0038514417,-0.0016029105,0.005454352,0.005454352,141.61809
2025-05-01,-0.038077623,-0.0013097227,-0.0367679,0.0367679,96.560356
2025-05-02,-0.03196387,-0.00013673306,-0.031827137,0.031827137,99.5722
2025-05-05,-0.001912523,0.0012765452,-0.0031890683,0.0031890683,166.74579
2025-05-06,-0.011450073,0.003762193,-0.015212266,0.015212266,132.85725
2025-05-07,0.0062986165,0.005554579,0.00074403733,0.00074403733,11.812692
2025-05-08,0.005252259,0.00018391758,0.0050683413,0.0050683413,96.49814
2025-05-09,0.06123265,-0.0008213222,0.06205397,0.06205397,101.34129
2025-05-12,0.010101068,0.00010945648,0.009991611,0.009991611,98.91628
2025-05-13,-0.0028218061,-0.003963053,0.0011412471,0.0011412471,40.44371
2025-05-14,-0.0041530672,-0.0019221306,-0.0022309367,0.0022309367,53.717678
2025-05-15,-0.0008989847,0.00021515042,-0.0011141351,0.0011141351,123.93121
2025-05-16,-0.01180855,-0.0004785359,-0.011330014,0.011330014,95.947464
2025-05-19,-0.009238774,-0.0013055652,-0.007933209,0.007933209,85.86854
2025-05-20,-0.023329172,0.0009825304,-0.024311703,0.024311703,104.211555
2025-05-21,-0.0036188099,0.0019888952,-0.005607705,0.005607705,154.9595
2025-05-22,-0.030711003,-0.0044175163,-0.026293486,0.026293486,85.61583
2025-05-23,0.024983548,-0.004510775,0.029494323,0.029494323,118.05494
2025-05-27,0.0010482997,-0.0008928701,0.0019411698,0.0019411698,185.1714
2025-05-28,-0.0023478137,-0.0013298541,-0.0010179596,0.0010179596,43.357582
2025-05-29,0.004491065,-0.003205277,0.007696342,0.007696342,171.3697
2025-05-30,0.0042230412,-0.002759263,0.006982304,0.006982304,165.3379
2025-06-02,0.0077536735,-0.0047279745,0.0124816485,0.0124816485,160.97702
2025-06-03,-0.002216165,-0.0062815547,0.0040653897,0.0040653897,183.44174
2025-06-04,-0.010856447,-0.0034626871,-0.0073937597,0.0073937597,68.10472
2025-06-05,0.016265236,-0.0008677244,0.01713296,0.01713296,105.334785
2025-06-06,-0.012186486,0.0015442595,-0.013730746,0.013730746,112.67181
2025-06-09,0.0060377577,0.0015255213,0.0045122365,0.0045122365,74.73353
2025-06-10,-0.019380324,-0.001898773,-0.01748155,0.01748155,90.20253
2025-06-11,0.0021106373,-0.0066615865,0.008772224,0.008772224,415.6177
2025-06-12,-0.013901372,-0.0056866333,-0.008214739,0.008214739,59.092964
2025-06-13,0.0099780755,-0.0026969314,0.012675007,0.012675007,127.02844
2025-06-16,-0.014109815,-0.0018901452,-0.012219669,0.012219669,86.60397
2025-06-17,0.0047932058,-0.0042285025,0.009021709,0.009021709,188.21829
2025-06-18,0.022235472,-0.004886478,0.02712195,0.02712195,121.976
2025-06-20,0.0024845374,-0.0041999742,0.006684512,0.006684512,269.04346
2025-06-23,-0.0059731407,-0.0029604658,-0.0030126749,0.0030126749,50.43695
2025-06-24,0.0062708706,-0.0008946806,0.007165551,0.007165551,114.267075
2025-06-25,-0.0027822675,4.273653e-05,-0.002825004,0.002825004,101.53567
2025-06-26,0.00039794107,0.0014251098,-0.0010271687,0.0010271687,258.11432
2025-06-27,0.020136058,0.001260668,0.01887539,0.01887539,93.739204
2025-06-30,0.012833452,-0.0015470982,0.01438055,0.01438055,112.055115
2025-07-01,0.021987261,-0.0024725199,0.024459781,0.024459781,111.24519
2025-07-02,0.0052114646,-0.0023987219,0.0076101865,0.0076101865,146.02751
2025-07-03,-0.017001668,0.000576213,-0.017577881,0.017577881,103.3891
2025-08-05,0.049653407,0.0019653887,0.04768802,0.04768802,96.04176
2025-08-06,0.031298675,0.0005985275,0.030700147,0.030700147,98.087654
2025-08-07,0.04148537,0.00027602166,0.041209348,0.041209348,99.334625
2025-08-08,-0.008372382,-8.422136e-05,-0.008288161,0.008288161,98.99394
2025-08-11,0.010813747,0.00056990236,0.010243844,0.010243844,94.729744
2025-08-12,0.015897421,-2.0451844e-05,0.015917873,0.015917873,100.12859
2025-08-13,-0.002359966,-0.001304172,-0.0010557941,0.0010557941,44.73749
2025-08-14,-0.00512528,-0.0024039373,-0.0027213427,0.0027213427,53.096367
2025-08-15,-0.0030271092,-0.0029578954,-6.92138e-05,6.92138e-05,2.2864575
2025-08-18,-0.0014302786,-0.0025455952,0.0011153165,0.0011153165,77.978424
2025-08-19,-0.019931952,-0.005339965,-0.014591986,0.014591986,73.208984
2025-08-20,-0.004923353,-0.0055868775,0.0006635245,0.0006635245,13.477058
2025-08-21,0.012636554,-0.0032491684,0.015885722,0.015885722,125.71235
2025-08-22,-0.0026377933,-0.0047007427,0.0020629494,0.0020629494,78.20709
2025-08-25,0.009420189,-0.0056367144,0.0150569035,0.0150569035,159.83635
2025-08-26,0.005132705,-0.004413314,0.009546019,0.009546019,185.98383
2025-08-27,0.008940769,-0.004333228,0.013273997,0.013273997,148.46576
2025-08-28,-0.0018076536,-0.0050744936,0.00326684,0.00326684,180.72168
2025-08-29,-0.010479427,-0.004744388,-0.005735039,0.005735039,54.72659
2025-09-02,0.037382364,-0.0032057464,0.04058811,0.04058811,108.57552
2025-09-03,0.005478255,-0.003713116,0.0091913715,0.0091913715,167.77888
2025-09-04,-0.0003753809,-0.003854148,0.0034787671,0.0034787671,926.7052
2025-09-05,-0.0075800586,-0.003343895,-0.0042361636,0.0042361636,55.88556
2025-09-08,-0.014950618,-0.004177429,-0.010773189,0.010773189,72.05844
2025-09-09,-0.03279129,-0.0066286847,-0.026162606,0.026162606,79.785194
2025-09-10,0.014185256,-0.0070622563,0.021247514,0.021247514,149.7858
2025-09-11,0.017410545,-0.004578486,0.02198903,0.02198903,126.29714
2025-09-12,0.011173251,-0.0063146204,0.017487872,0.017487872,156.51538
2025-09-15,0.0061072,-0.006692983,0.012800183,0.012800183,209.59134
2025-09-16,0.0035210515,-0.006049745,0.009570796,0.009570796,271.81564
2025-09-17,-0.0046553966,-0.0066171363,0.0019617397,0.0019617397,42.138958
2025-09-18,0.03153056,-0.0046897605,0.03622032,0.03622032,114.87366
2025-09-19,0.04219293,-0.0029628053,0.045155734,0.045155734,107.02201
2025-09-22,-0.0064641065,-0.0028514713,-0.0036126352,0.0036126352,55.88753
2025-09-23,-0.008367273,-0.0035294443,-0.0048378287,0.0048378287,57.818394
2025-09-24,0.017911587,-0.004028246,0.021939833,0.021939833,122.48955
2025-09-25,-0.005504203,-0.0036072433,-0.0018969597,0.0018969597,34.46378
2025-09-26,-0.00404011,-0.0045104995,0.0004703896,0.0004703896,11.6429615
2025-09-29,0.00078579166,-0.004465297,0.0052510886,0.0052510886,668.24603
2025-09-30,0.0032151563,-0.0046504736,0.00786563,0.00786563,244.64146
2025-10-01,0.0065551065,-0.0072070584,0.013762165,0.013762165,209.94539
2025-10-02,0.003455275,-0.011314593,0.014769868,0.014769868,427.45728
2025-10-03,-0.0051679425,-0.009518281,0.004350338,0.004350338,84.179146
2025-10-06,-0.0008183689,-0.007064238,0.006245869,0.006245869,763.20013
2025-10-07,0.006141391,-0.0075649694,0.01370636,0.01370636,223.1797
2025-10-08,-0.015700467,-0.005052872,-0.010647595,0.010647595,67.81702
2025-10-09,-0.035132024,-0.0037173182,-0.031414706,0.031414706,89.418976
2025-10-10,0.009697172,-0.0030570775,0.012754249,0.012754249,131.52531
2025-10-13,0.00044406005,-0.0037746131,0.0042186733,0.0042186733,950.0017
2025-10-14,0.006316538,-0.0043514445,0.0106679825,0.0106679825,168.88945
2025-10-15,-0.0076088803,-0.005281605,-0.0023272755,0.0023272755,30.586266
2025-10-16,0.019370614,-0.005445458,0.024816072,0.024816072,128.1119
2025-10-17,0.038680915,-0.0036527142,0.04233363,0.04233363,109.44316
2025-10-20,0.0020189842,-0.005966611,0.007985596,0.007985596,395.52344
2025-10-21,-0.016576795,-0.0047275424,-0.0118492525,0.0118492525,71.48093
2025-10-22,0.0043625734,-0.007749237,0.012111811,0.012111811,277.62936
2025-10-23,0.0124046225,-0.007814147,0.02021877,0.02021877,162.9937
2025-10-24,0.022535281,-0.006778829,0.02931411,0.02931411,130.0809
2025-10-27,0.00070658175,-0.0028168336,0.0035234154,0.0035234154,498.64935
2025-10-28,0.0025989201,-0.004102342,0.0067012617,0.0067012617,257.84692
2025-10-29,0.006283444,-0.0058699027,0.012153346,0.012153346,193.41826
2025-10-30,-0.0038023165,-0.0070542023,0.0032518858,0.0032518858,85.52358
2025-10-31,-0.00489417,-0.0052004755,0.00030630548,0.00030630548,6.258566
2025-11-03,0.0036728713,-0.00491444,0.008587312,0.008587312,233.80315
2025-11-04,0.0003702892,-0.0076575056,0.008027795,0.008027795,2167.9211
2025-11-05,-0.0013706648,-0.00483343,0.0034627654,0.0034627654,252.63217
2025-11-06,-0.004830552,-0.0043444857,-0.0004860661,0.0004860661,10.06231
2025-11-07,0.004538365,-0.0076747686,0.012213133,0.012213133,269.1081
2025-11-10,0.021371186,-0.0070512444,0.02842243,0.02842243,132.99411
2025-11-11,-0.0064878445,-0.0058003217,-0.0006875228,0.0006875228,10.597075
2025-11-12,-0.0019032581,-0.0047983453,0.002895087,0.002895087,152.11136
2025-11-13,-0.0019803753,-0.0041929185,0.0022125433,0.0022125433,111.72288
2025-11-14,-0.018338308,-0.0063650385,-0.011973269,0.011973269,65.29099
2025-11-17,-7.4739255e-05,-0.0030112714,0.002936532,0.002936532,3928.5103
2025-11-18,0.004179092,-0.0026894733,0.0068685655,0.0068685655,164.35506
2025-11-19,-0.008638627,-0.0030244142,-0.0056142127,0.0056142127,64.98956
2025-11-20,0.019489553,-0.0023752302,0.021864783,0.021864783,112.18715
2025-11-21,0.016185747,-0.002187483,0.01837323,0.01837323,113.5148
2025-11-24,0.0037981842,-0.0013516694,0.0051498534,0.0051498534,135.5869
2025-11-25,0.0020918518,-0.0058139265,0.0079057785,0.0079057785,377.93027
2025-11-26,0.0046729716,-0.005290255,0.0099632265,0.0099632265,213.2092
2025-11-28,0.015126189,-0.006904632,0.022030821,0.022030821,145.64677
2025-12-01,0.01085572,-0.008890949,0.019746669,0.019746669,181.90086
2025-12-02,-0.007153688,-0.007375255,0.00022156723,0.00022156723,3.0972407
2025-12-03,-0.01221572,-0.0063164905,-0.005899229,0.005899229,48.292072
2025-12-04,-0.006863591,-0.0064423457,-0.00042124512,0.00042124512,6.137378
2025-12-05,-0.0031975312,-0.0067399293,0.003542398,0.003542398,110.785065
2025-12-08,-0.0025583163,-0.004806459,0.0022481426,0.0022481426,87.87552
2025-12-09,0.005755848,-0.005068347,0.010824194,0.010824194,188.05528
2025-12-10,-0.0026939188,-0.006605111,0.0039111925,0.0039111925,145.18544
2025-12-11,0.00089877954,-0.0065181553,0.0074169347,0.0074169347,825.21375
2025-12-12,-0.015098364,-0.007341318,-0.0077570463,0.0077570463,51.3767
2025-12-15,0.0018224237,-0.0083314255,0.010153849,0.010153849,557.15875
2025-12-16,-0.010138212,-0.008052908,-0.002085304,0.002085304,20.568735
2025-12-17,0.0012867163,-0.006287262,0.007573978,0.007573978,588.62384
2025-12-18,0.005422689,-0.004775457,0.010198146,0.010198146,188.06404
2025-12-19,-0.009914932,-0.0030099303,-0.0069050016,0.0069050016,69.64238
2025-12-22,0.005116549,-0.004305735,0.009422284,0.009422284,184.15276
2025-12-23,0.0053097596,-0.004332319,0.009642079,0.009642079,181.59128
2025-12-24,-0.0014985243,-0.002626516,0.0011279916,0.0011279916,75.27299
2025-12-26,0.0013159439,-0.004522279,0.005838223,0.005838223,443.64948
2025-12-29,-0.0024871025,-0.0038805827,0.0013934802,0.0013934802,56.02803
2025-12-30,-0.0044775694,-0.004492156,1.458684e-05,1.458684e-05,0.32577515
2025-12-31,-0.0031314173,-0.005634077,0.0025026596,0.0025026596,79.92073
2026-01-02,-0.013933753,-0.0055049434,-0.008428809,0.008428809,60.491978
2026-01-05,-0.018504454,-0.0035059378,-0.014998516,0.014998516,81.053505
2026-01-06,-0.007767545,-0.0026766583,-0.0050908867,0.0050908867,65.540405
2026-01-07,-0.0049674823,-0.0034733415,-0.0014941408,0.0014941408,30.078373
2026-01-08,0.001273072,-0.0028125793,0.004085651,0.004085651,320.926
2026-01-09,0.0033871126,-0.003146544,0.0065336567,0.0065336567,192.89696
2026-01-12,0.0030692057,-0.004376456,0.007445662,0.007445662,242.59167
2026-01-13,-0.004184173,-0.005055979,0.00087180594,0.00087180594,20.835752
2026-01-14,-0.006754566,-0.003608629,-0.0031459369,0.0031459369,46.574898
2026-01-15,-0.010433359,-0.0029234067,-0.0075099524,0.0075099524,71.980125
2026-01-16,-0.035166804,-0.0004774928,-0.03468931,0.03468931,98.64217
2026-01-20,0.0038434232,0.0019029453,0.0019404779,0.0019404779,50.488136
2026-01-21,0.0028226317,0.00326439,-0.0004417582,0.0004417582,15.650522
2026-01-22,-0.0012490697,0.004754901,-0.0060039707,0.0060039707,480.67154
